<?xml version="1.0"?>
<doc>
    <assembly>
        <name>Asmak9.AuthorizeRESTWebApiAK</name>
    </assembly>
    <members>
        <member name="T:Asmak9.AuthorizeRESTWebApiAK.Helper_Code.Common.FileManager">
            <summary>
            File manager class.
            </summary>
        </member>
        <member name="M:Asmak9.AuthorizeRESTWebApiAK.Helper_Code.Common.FileManager.WriteContent2File(System.String,System.String,System.IO.FileMode)">
            <summary>
            Create/Write content to file.
            </summary>
            <param name="destFilePath">Destination file name path parameter</param>
            <param name="fileContent">File content parameter</param>
            <param name="fileMode">File mode parameter</param>
        </member>
        <member name="M:Asmak9.AuthorizeRESTWebApiAK.Helper_Code.Common.FileManager.WriteContent2File(System.String,System.Byte[],System.IO.FileMode)">
            <summary>
            Write content to file.
            </summary>
            <param name="destFilePath">Destination file name path parameter</param>
            <param name="fileContent">File content parameter</param>
            <param name="fileMode">File mode parameter</param>
        </member>
        <member name="M:Asmak9.AuthorizeRESTWebApiAK.Helper_Code.Common.FileManager.WriteBinaryContent2File(System.String,System.String,System.IO.FileMode)">
            <summary>
            Write content to file.
            </summary>
            <param name="destFilePath">Destination file name path parameter</param>
            <param name="fileContent">File content parameter</param>
            <param name="fileMode">File mode parameter</param>
        </member>
        <member name="M:Asmak9.AuthorizeRESTWebApiAK.Helper_Code.Common.FileManager.WriteBinaryContent2File(System.String,System.Byte[],System.IO.FileMode)">
            <summary>
            Write content to file.
            </summary>
            <param name="destFilePath">Destination file name path parameter</param>
            <param name="fileContent">File content parameter</param>
            <param name="fileMode">File mode parameter</param>
        </member>
        <member name="M:Asmak9.AuthorizeRESTWebApiAK.Helper_Code.Common.FileManager.WriteBinaryContent2File(System.String,System.String,System.IO.FileMode,System.IO.FileShare)">
            <summary>
            Write content to file.
            </summary>
            <param name="destFilePath">Destination file name path parameter</param>
            <param name="fileContent">File content parameter</param>
            <param name="fileMode">File mode parameter</param>
            <param name="fileShare">File share parameter</param>
        </member>
        <member name="M:Asmak9.AuthorizeRESTWebApiAK.Helper_Code.Common.FileManager.WriteBase64ToFile(System.String,System.String)">
            <summary>
            Write content to file.
            </summary>
            <param name="filePath">File path parameter</param>
            <param name="base64">Base 64 parameter</param>
        </member>
        <member name="M:Asmak9.AuthorizeRESTWebApiAK.Helper_Code.Common.FileManager.RemoveFile(System.String)">
            <summary>
            Remove file method.
            </summary>
            <param name="destFilePath">Destination file path parameter</param>
        </member>
        <member name="M:Asmak9.AuthorizeRESTWebApiAK.Helper_Code.Common.FileManager.GetFullFilePath(System.String)">
            <summary>
            Get full file path.
            </summary>
            <param name="srcFilePath">Source file name path parameter</param>
            <returns>full file path</returns>
        </member>
        <member name="M:Asmak9.AuthorizeRESTWebApiAK.Helper_Code.Common.FileManager.GetFullFolderPath(System.String)">
            <summary>
            Get full directory path.
            </summary>
            <param name="srcFolderPath">Source folder name path parameter</param>
            <returns>full file path</returns>
        </member>
        <member name="M:Asmak9.AuthorizeRESTWebApiAK.Helper_Code.Common.FileManager.RemoveFolder(System.String)">
            <summary>
            Remove folder method.
            </summary>
            <param name="destFolderPath">Destination folder path parameter</param>
        </member>
        <member name="M:Asmak9.AuthorizeRESTWebApiAK.Helper_Code.Common.FileManager.CreateFolder(System.String)">
            <summary>
            Create folder method.
            </summary>
            <param name="destFolderPath">Destination folder path parameter</param>
        </member>
        <member name="M:Asmak9.AuthorizeRESTWebApiAK.Helper_Code.Common.FileManager.GetAppDataFolderFilePath(System.String)">
            <summary>
            Get Application folder with file path method.
            </summary>
            <param name="filename">File name parameter</param>
            <returns>Returns - random file name</returns>
        </member>
        <member name="M:Asmak9.AuthorizeRESTWebApiAK.Helper_Code.Common.FileManager.GetAppDataFolderPath">
            <summary>
            Get Application folder path method.
            </summary>
            <returns>Returns - folder path name</returns>
        </member>
        <member name="M:Asmak9.AuthorizeRESTWebApiAK.Helper_Code.Common.FileManager.EncryptFile(System.String)">
            <summary>
            Encrypt File.
            </summary>
            <param name="srcFilePath">Source file name path parameter</param>
        </member>
        <member name="M:Asmak9.AuthorizeRESTWebApiAK.Helper_Code.Common.FileManager.DecryptFile(System.String)">
            <summary>
            Decrypt File.
            </summary>
            <param name="srcFilePath">Source file name path parameter</param>
        </member>
        <member name="M:Asmak9.AuthorizeRESTWebApiAK.Helper_Code.Common.FileManager.GetRandomFileName">
            <summary>
            Get random filename method.
            </summary>
            <returns>Returns - random file name</returns>
        </member>
        <member name="M:Asmak9.AuthorizeRESTWebApiAK.Helper_Code.Common.FileManager.GetTempFolderFilePath(System.String)">
            <summary>
            Get windows temporary folder with file path method.
            </summary>
            <param name="filename">File name parameter</param>
            <returns>Returns - random file name</returns>
        </member>
        <member name="M:Asmak9.AuthorizeRESTWebApiAK.Helper_Code.Common.FileManager.GetTempFolderPath">
            <summary>
            Get temporary folder path method.
            </summary>
            <returns>Returns - Temporary folder path name</returns>
        </member>
        <member name="M:Asmak9.AuthorizeRESTWebApiAK.Helper_Code.Common.FileManager.UnZipFile(System.String)">
            <summary>
            Unzip file method.
            </summary>
            <param name="filePath">File path parameter</param>
        </member>
        <member name="T:Asmak9.AuthorizeRESTWebApiAK.Helper_Code.Common.LicenseActivation">
            <summary>
            License Activation Class
            </summary>
        </member>
        <member name="M:Asmak9.AuthorizeRESTWebApiAK.Helper_Code.Common.LicenseActivation.IsValidLicense(System.String)">
            <summary>
            Is Valid License Method.
            </summary>
            <param name="licenseKey">License key parameter</param>
            <returns>Return - validation response</returns>
        </member>
        <member name="M:Asmak9.AuthorizeRESTWebApiAK.Helper_Code.Common.LicenseActivation.LoadFileData(System.String)">
            <summary>
            Load file data method.
            </summary>
            <param name="srcFilePath">Source file path parameter</param>
            <returns>Returns file data</returns>
        </member>
        <member name="M:Asmak9.AuthorizeRESTWebApiAK.Helper_Code.Common.LicenseActivation.VerifyLicenseKey(System.String)">
            <summary>
            Verify License Key method.
            </summary>
            <param name="licenseKey">License key parameter - By default empty value will start 30 days trial</param>
            <returns>Returns - Valid code if license is valid otherwise starts the trial</returns>
        </member>
        <member name="M:Asmak9.AuthorizeRESTWebApiAK.Helper_Code.Common.LicenseActivation.InitTrialExpireTime(System.String)">
            <summary>
            Initialize Trial Expirations Time method.
            </summary>
            <param name="licenseKey">License key parameter</param>>
        </member>
        <member name="M:Asmak9.AuthorizeRESTWebApiAK.Helper_Code.Common.LicenseActivation.SHA512String(System.String)">
            <summary>
            SHA 512 string method.
            </summary>
            <param name="input">Input parameter</param>
            <returns>Returns - decrypted value</returns>
        </member>
        <member name="M:Asmak9.AuthorizeRESTWebApiAK.Helper_Code.Common.LicenseActivation.SHA256File(System.String)">
            <summary>
            SHA 256 File method.
            </summary>
            <param name="input">Input parameter</param>
            <returns>Returns - decrypted value</returns>
        </member>
        <member name="M:Asmak9.AuthorizeRESTWebApiAK.Helper_Code.Common.LicenseActivation.ValidateSerialKey(System.String,System.String,System.String)">
            <summary>
            Validate serial key method.
            </summary>
            <param name="filePath">File parameter</param>
            <param name="fileChecksum">File checksum parameter</param>
            <param name="serial">Serial parameter</param>
            <returns>Returns - serial key validation information</returns>
        </member>
        <member name="T:Asmak9.AuthorizeRESTWebApiAK.Helper_Code.Common.Utility">
            <summary>
            Utility class.
            </summary>
        </member>
        <member name="M:Asmak9.AuthorizeRESTWebApiAK.Helper_Code.Common.Utility.MessageJSON(System.Boolean,System.Int32,System.String)">
            <summary>
            Message JSON method.
            </summary>
            <param name="status">Status parameter</param>
            <param name="code">Code parameter</param>
            <param name="message">Message parameter</param>
            <returns>Return - JSON message</returns>
        </member>
        <member name="M:Asmak9.AuthorizeRESTWebApiAK.Helper_Code.Common.Utility.ConvertDateTimeToString(System.Nullable{System.DateTime},System.String)">
            <summary>
            Date time to string method.
            </summary>
            <param name="dateTimeVal">Date time value parameter</param>
            <param name="format">Date format parameter</param>
            <returns>Return - String conversion of date</returns>
        </member>
        <member name="M:Asmak9.AuthorizeRESTWebApiAK.Helper_Code.Common.Utility.ConvertDateTimeToString(System.DateTime,System.String)">
            <summary>
            Date time to string method.
            </summary>
            <param name="dateTimeVal">Date time value parameter</param>
            <param name="format">Date format parameter</param>
            <returns>Return - String conversion of date</returns>
        </member>
        <member name="M:Asmak9.AuthorizeRESTWebApiAK.Helper_Code.Common.Utility.EncodeToBase64(System.String)">
            <summary>
            Encode to base 64 method.
            </summary>
            <param name="strVal">String value parameter</param>
            <returns>Returns - encoded base 64 string.</returns>
        </member>
        <member name="M:Asmak9.AuthorizeRESTWebApiAK.Helper_Code.Common.Utility.EncodeToBase64(System.Byte[])">
            <summary>
            Encode to base 64 method.
            </summary>
            <param name="bytes">Byte array parameter</param>
            <returns>Returns - encoded base 64 string.</returns>
        </member>
        <member name="M:Asmak9.AuthorizeRESTWebApiAK.Helper_Code.Common.Utility.DecodeStringFromBase64(System.String)">
            <summary>
            Decode to base 64 method.
            </summary>
            <param name="strVal">String value parameter</param>
            <returns>Returns - Decode base 64 string.</returns>
        </member>
        <member name="M:Asmak9.AuthorizeRESTWebApiAK.Helper_Code.Common.Utility.DecodeBytesFromBase64(System.String)">
            <summary>
            Decode to base 64 method.
            </summary>
            <param name="strVal">String value parameter</param>
            <returns>Returns - Decode base 64 string.</returns>
        </member>
        <member name="M:Asmak9.AuthorizeRESTWebApiAK.Helper_Code.Common.Utility.GetEmbeddedResourceStream(System.String)">
            <summary>
            Takes the full name of a resource and loads it in to a stream.
            </summary>
            <param name="resourceName">Resource name parameter.</param>
            <returns>Returns - embedded resource stream</returns>
        </member>
        <member name="M:Asmak9.AuthorizeRESTWebApiAK.Helper_Code.Common.Utility.GetEmbeddedResourceNames">
            <summary>
            Get the list of all embedded resources in the assembly.
            </summary>
            <returns>An array of fully qualified resource names</returns>
        </member>
        <member name="T:Asmak9.AuthorizeRESTWebApiAK.Helper_Code.Objects.HttpResponseObj">
            <summary>
            HTTP response object class.
            </summary>
        </member>
        <member name="P:Asmak9.AuthorizeRESTWebApiAK.Helper_Code.Objects.HttpResponseObj.message">
            <summary>
            Gets or sets Message property.
            </summary>
        </member>
        <member name="T:Asmak9.AuthorizeRESTWebApiAK.Helper_Code.Objects.ResponseObj">
            <summary>
            Response object class.
            </summary>
        </member>
        <member name="P:Asmak9.AuthorizeRESTWebApiAK.Helper_Code.Objects.ResponseObj.Status">
            <summary>
            Gets or sets a value indicating whether the status is true or not property.
            </summary>
        </member>
        <member name="P:Asmak9.AuthorizeRESTWebApiAK.Helper_Code.Objects.ResponseObj.Code">
            <summary>
            Gets or sets code property.
            </summary>
        </member>
        <member name="P:Asmak9.AuthorizeRESTWebApiAK.Helper_Code.Objects.ResponseObj.Message">
            <summary>
            Gets or sets Message property.
            </summary>
        </member>
        <member name="T:Asmak9.AuthorizeRESTWebApiAK.Resources.Constants.FieldName">
            <summary>
              A strongly-typed resource class, for looking up localized strings, etc.
            </summary>
        </member>
        <member name="P:Asmak9.AuthorizeRESTWebApiAK.Resources.Constants.FieldName.ResourceManager">
            <summary>
              Returns the cached ResourceManager instance used by this class.
            </summary>
        </member>
        <member name="P:Asmak9.AuthorizeRESTWebApiAK.Resources.Constants.FieldName.Culture">
            <summary>
              Overrides the current thread's CurrentUICulture property for all
              resource lookups using this strongly typed resource class.
            </summary>
        </member>
        <member name="P:Asmak9.AuthorizeRESTWebApiAK.Resources.Constants.FieldName.API_KEY_HEADER">
            <summary>
              Looks up a localized string similar to X-ApiKey.
            </summary>
        </member>
        <member name="P:Asmak9.AuthorizeRESTWebApiAK.Resources.Constants.FieldName.JSON_CONTENT_TYPE">
            <summary>
              Looks up a localized string similar to application/json.
            </summary>
        </member>
        <member name="T:Asmak9.AuthorizeRESTWebApiAK.Resources.Constants.FilePaths">
            <summary>
              A strongly-typed resource class, for looking up localized strings, etc.
            </summary>
        </member>
        <member name="P:Asmak9.AuthorizeRESTWebApiAK.Resources.Constants.FilePaths.ResourceManager">
            <summary>
              Returns the cached ResourceManager instance used by this class.
            </summary>
        </member>
        <member name="P:Asmak9.AuthorizeRESTWebApiAK.Resources.Constants.FilePaths.Culture">
            <summary>
              Overrides the current thread's CurrentUICulture property for all
              resource lookups using this strongly typed resource class.
            </summary>
        </member>
        <member name="P:Asmak9.AuthorizeRESTWebApiAK.Resources.Constants.FilePaths.SKV_FILE_PATH">
            <summary>
              Looks up a localized string similar to Content/Files/skv.
            </summary>
        </member>
        <member name="P:Asmak9.AuthorizeRESTWebApiAK.Resources.Constants.FilePaths.TRIAL_INFO_FILE_PATH">
            <summary>
              Looks up a localized string similar to CITKV/tkv.txt.
            </summary>
        </member>
        <member name="T:Asmak9.AuthorizeRESTWebApiAK.Resources.Constants.LicenseConfig">
            <summary>
              A strongly-typed resource class, for looking up localized strings, etc.
            </summary>
        </member>
        <member name="P:Asmak9.AuthorizeRESTWebApiAK.Resources.Constants.LicenseConfig.ResourceManager">
            <summary>
              Returns the cached ResourceManager instance used by this class.
            </summary>
        </member>
        <member name="P:Asmak9.AuthorizeRESTWebApiAK.Resources.Constants.LicenseConfig.Culture">
            <summary>
              Overrides the current thread's CurrentUICulture property for all
              resource lookups using this strongly typed resource class.
            </summary>
        </member>
        <member name="P:Asmak9.AuthorizeRESTWebApiAK.Resources.Constants.LicenseConfig.API_KEY">
            <summary>
              Looks up a localized string similar to f059ae4b60c1e6118ce1f3b436d732df.
            </summary>
        </member>
        <member name="P:Asmak9.AuthorizeRESTWebApiAK.Resources.Constants.LicenseConfig.CODE_ENABLE_TRIAL">
            <summary>
              Looks up a localized string similar to 602.
            </summary>
        </member>
        <member name="P:Asmak9.AuthorizeRESTWebApiAK.Resources.Constants.LicenseConfig.CODE_INVALID_LICENSE">
            <summary>
              Looks up a localized string similar to 601.
            </summary>
        </member>
        <member name="P:Asmak9.AuthorizeRESTWebApiAK.Resources.Constants.LicenseConfig.CODE_LICENSE_EXPIRE">
            <summary>
              Looks up a localized string similar to 604.
            </summary>
        </member>
        <member name="P:Asmak9.AuthorizeRESTWebApiAK.Resources.Constants.LicenseConfig.CODE_LICENSE_KEY_MISSING">
            <summary>
              Looks up a localized string similar to 605.
            </summary>
        </member>
        <member name="P:Asmak9.AuthorizeRESTWebApiAK.Resources.Constants.LicenseConfig.CODE_TRIAL_EXPIRE">
            <summary>
              Looks up a localized string similar to 603.
            </summary>
        </member>
        <member name="P:Asmak9.AuthorizeRESTWebApiAK.Resources.Constants.LicenseConfig.CODE_VALID_LICENSE">
            <summary>
              Looks up a localized string similar to 600.
            </summary>
        </member>
        <member name="P:Asmak9.AuthorizeRESTWebApiAK.Resources.Constants.LicenseConfig.DISTRIBUTOR_NAME">
            <summary>
              Looks up a localized string similar to Bytezaar.
            </summary>
        </member>
        <member name="P:Asmak9.AuthorizeRESTWebApiAK.Resources.Constants.LicenseConfig.EXPIRATION_LENGTH_LICENSE">
            <summary>
              Looks up a localized string similar to 365.
            </summary>
        </member>
        <member name="P:Asmak9.AuthorizeRESTWebApiAK.Resources.Constants.LicenseConfig.EXPIRATION_LENGTH_TRIAL">
            <summary>
              Looks up a localized string similar to 30.
            </summary>
        </member>
        <member name="P:Asmak9.AuthorizeRESTWebApiAK.Resources.Constants.LicenseConfig.ID_STRING">
            <summary>
              Looks up a localized string similar to FullVersion.
            </summary>
        </member>
        <member name="P:Asmak9.AuthorizeRESTWebApiAK.Resources.Constants.LicenseConfig.LICENSE_FILE_CHECKSUM">
            <summary>
              Looks up a localized string similar to 5b3724966f431981ac653c3033ef03f9f9b56ac96bbb1278eb748fb99c7c715c.
            </summary>
        </member>
        <member name="P:Asmak9.AuthorizeRESTWebApiAK.Resources.Constants.LicenseConfig.PRODUCT_ID">
            <summary>
              Looks up a localized string similar to 575563.
            </summary>
        </member>
        <member name="P:Asmak9.AuthorizeRESTWebApiAK.Resources.Constants.LicenseConfig.PRODUCT_NAME">
            <summary>
              Looks up a localized string similar to Asmak9.AuthorizeRESTWebApiAK.
            </summary>
        </member>
        <member name="P:Asmak9.AuthorizeRESTWebApiAK.Resources.Constants.LicenseConfig.PROVIDER_CONNECTION_1">
            <summary>
              Looks up a localized string similar to Provider=Microsoft.Jet.OLEDB.4.0;Data Source=.
            </summary>
        </member>
        <member name="P:Asmak9.AuthorizeRESTWebApiAK.Resources.Constants.LicenseConfig.PROVIDER_CONNECTION_2">
            <summary>
              Looks up a localized string similar to ;Persist Security Info=False;.
            </summary>
        </member>
        <member name="P:Asmak9.AuthorizeRESTWebApiAK.Resources.Constants.LicenseConfig.VENDOR_ID">
            <summary>
              Looks up a localized string similar to 52319.
            </summary>
        </member>
        <member name="T:Asmak9.AuthorizeRESTWebApiAK.Resources.Constants.Messages">
            <summary>
              A strongly-typed resource class, for looking up localized strings, etc.
            </summary>
        </member>
        <member name="P:Asmak9.AuthorizeRESTWebApiAK.Resources.Constants.Messages.ResourceManager">
            <summary>
              Returns the cached ResourceManager instance used by this class.
            </summary>
        </member>
        <member name="P:Asmak9.AuthorizeRESTWebApiAK.Resources.Constants.Messages.Culture">
            <summary>
              Overrides the current thread's CurrentUICulture property for all
              resource lookups using this strongly typed resource class.
            </summary>
        </member>
        <member name="P:Asmak9.AuthorizeRESTWebApiAK.Resources.Constants.Messages.INTERNET_ERROR_MSG_1">
            <summary>
              Looks up a localized string similar to Internet is not working, please check your internet connection..
            </summary>
        </member>
        <member name="P:Asmak9.AuthorizeRESTWebApiAK.Resources.Constants.Messages.LICENSE_MSG_1">
            <summary>
              Looks up a localized string similar to Your License key is not valid..
            </summary>
        </member>
        <member name="P:Asmak9.AuthorizeRESTWebApiAK.Resources.Constants.Messages.LICENSE_MSG_2">
            <summary>
              Looks up a localized string similar to Your License key is valid..
            </summary>
        </member>
        <member name="P:Asmak9.AuthorizeRESTWebApiAK.Resources.Constants.Messages.REQUEST_CANCELLATION_MSG">
            <summary>
              Looks up a localized string similar to Your request can not be entertained at the moment, come back later..
            </summary>
        </member>
        <member name="P:Asmak9.AuthorizeRESTWebApiAK.Resources.Constants.Messages.TRIAL_MSG_1">
            <summary>
              Looks up a localized string similar to days are remaining for the application trial version..
            </summary>
        </member>
        <member name="P:Asmak9.AuthorizeRESTWebApiAK.Resources.Constants.Messages.TRIAL_MSG_2">
            <summary>
              Looks up a localized string similar to Your trial version has expired..
            </summary>
        </member>
        <member name="T:Asmak9.AuthorizeRESTWebApiAK.Resources.Constants.ResponseCodes">
            <summary>
              A strongly-typed resource class, for looking up localized strings, etc.
            </summary>
        </member>
        <member name="P:Asmak9.AuthorizeRESTWebApiAK.Resources.Constants.ResponseCodes.ResourceManager">
            <summary>
              Returns the cached ResourceManager instance used by this class.
            </summary>
        </member>
        <member name="P:Asmak9.AuthorizeRESTWebApiAK.Resources.Constants.ResponseCodes.Culture">
            <summary>
              Overrides the current thread's CurrentUICulture property for all
              resource lookups using this strongly typed resource class.
            </summary>
        </member>
        <member name="P:Asmak9.AuthorizeRESTWebApiAK.Resources.Constants.ResponseCodes.ERROR_OCCUR_CODE">
            <summary>
              Looks up a localized string similar to 803.
            </summary>
        </member>
        <member name="P:Asmak9.AuthorizeRESTWebApiAK.Resources.Constants.ResponseCodes.SUCCESS_CODE">
            <summary>
              Looks up a localized string similar to 804.
            </summary>
        </member>
        <member name="T:Asmak9.AuthorizeRESTWebApiAK.Resources.Constants.SpecialStrings">
            <summary>
              A strongly-typed resource class, for looking up localized strings, etc.
            </summary>
        </member>
        <member name="P:Asmak9.AuthorizeRESTWebApiAK.Resources.Constants.SpecialStrings.ResourceManager">
            <summary>
              Returns the cached ResourceManager instance used by this class.
            </summary>
        </member>
        <member name="P:Asmak9.AuthorizeRESTWebApiAK.Resources.Constants.SpecialStrings.Culture">
            <summary>
              Overrides the current thread's CurrentUICulture property for all
              resource lookups using this strongly typed resource class.
            </summary>
        </member>
        <member name="P:Asmak9.AuthorizeRESTWebApiAK.Resources.Constants.SpecialStrings.DASH">
            <summary>
              Looks up a localized string similar to -.
            </summary>
        </member>
        <member name="P:Asmak9.AuthorizeRESTWebApiAK.Resources.Constants.SpecialStrings.DATE_FORMAT_1">
            <summary>
              Looks up a localized string similar to dd MMMM, yyyy.
            </summary>
        </member>
        <member name="P:Asmak9.AuthorizeRESTWebApiAK.Resources.Constants.SpecialStrings.DOT">
            <summary>
              Looks up a localized string similar to ..
            </summary>
        </member>
        <member name="P:Asmak9.AuthorizeRESTWebApiAK.Resources.Constants.SpecialStrings.SPACE">
            <summary>
              Looks up a localized string similar to  .
            </summary>
        </member>
        <member name="P:Asmak9.AuthorizeRESTWebApiAK.Resources.Constants.SpecialStrings.VALID">
            <summary>
              Looks up a localized string similar to true.
            </summary>
        </member>
        <member name="P:Asmak9.AuthorizeRESTWebApiAK.Resources.Constants.SpecialStrings.X2">
            <summary>
              Looks up a localized string similar to x2.
            </summary>
        </member>
        <member name="T:Asmak9.AuthorizeRESTWebApiAK.RESTWebAPIAuthHeaderHandler">
            <summary>
            Authorization for web API class.
            </summary>
        </member>
        <member name="F:Asmak9.AuthorizeRESTWebApiAK.RESTWebAPIAuthHeaderHandler.apiKeyName">
            <summary>
            Gets or sets API Key name for authorization verification.
            </summary>
        </member>
        <member name="F:Asmak9.AuthorizeRESTWebApiAK.RESTWebAPIAuthHeaderHandler.apiKeyVal">
            <summary>
            Gets or sets API Key value for authorization verification.
            </summary>
        </member>
        <member name="F:Asmak9.AuthorizeRESTWebApiAK.RESTWebAPIAuthHeaderHandler.usernameVal">
            <summary>
            Gets or sets username for authorization verification.
            </summary>
        </member>
        <member name="F:Asmak9.AuthorizeRESTWebApiAK.RESTWebAPIAuthHeaderHandler.passwordVal">
            <summary>
            Gets or sets password for authorization verification.
            </summary>
        </member>
        <member name="F:Asmak9.AuthorizeRESTWebApiAK.RESTWebAPIAuthHeaderHandler.licenseKey">
            <summary>
            Gets or sets license key property.
            </summary>
        </member>
        <member name="M:Asmak9.AuthorizeRESTWebApiAK.RESTWebAPIAuthHeaderHandler.#ctor(System.String,System.String,System.String,System.String,System.String)">
            <summary>
            Initializes a new instance of the <see cref="T:Asmak9.AuthorizeRESTWebApiAK.RESTWebAPIAuthHeaderHandler"/> class.
            </summary>
            <param name="apiKeyName">API key name parameter</param>
            <param name="apiKeyValue">API key value parameter for authorization verification</param>
            <param name="usernameValue">Username value parameter for authorization verification</param>
            <param name="passwordValue">Password value parameter for authorization verification</param>
            <param name="licenseKey">License key parameter</param>
        </member>
        <member name="M:Asmak9.AuthorizeRESTWebApiAK.RESTWebAPIAuthHeaderHandler.SendAsync(System.Net.Http.HttpRequestMessage,System.Threading.CancellationToken)">
            <summary>
            Send method.
            </summary>
            <param name="request">Request parameter</param>
            <param name="cancellationToken">Cancellation token parameter</param>
            <returns>Return HTTP response.</returns>
        </member>
        <member name="M:Asmak9.AuthorizeRESTWebApiAK.RESTWebAPIAuthHeaderHandler.SetPrincipal(System.Security.Principal.IPrincipal)">
            <summary>
            Set principal method.
            </summary>
            <param name="principal">Principal parameter</param>
        </member>
        <member name="T:Asmak9.AuthorizeRESTWebApiAK.RESTWebAPIKey">
            <summary>
            REST Web API Key class. 
            </summary>
        </member>
        <member name="M:Asmak9.AuthorizeRESTWebApiAK.RESTWebAPIKey.GenerateAPIKey(System.String,System.String,System.String)">
            <summary>
            Generate REST Web API Key method.
            </summary>
            <param name="password">Password parameter</param>
            <param name="key">Key parameter</param>
            <param name="licenseKey">License key parameter</param> 
            <returns>Return - API Key</returns>
        </member>
    </members>
</doc>
